<n1:Level-1C_User_Product xmlns:n1="https://psd-14.sentinel2.eo.esa.int/PSD/User_Product_Level-1C.xsd" xmlns:xsi="http://www.w3.org/2001/XMLSchema-instance" xsi:schemaLocation="https://psd-14.sentinel2.eo.esa.int/PSD/User_Product_Level-1C.xsd">
    <n1:General_Info>
        <Product_Info>
            <PRODUCT_START_TIME>2016-01-29T05:41:02.030Z</PRODUCT_START_TIME>
            <PRODUCT_STOP_TIME>2016-01-29T05:41:02.030Z</PRODUCT_STOP_TIME>
            <PRODUCT_URI>S2A_MSIL1C_20160129T054102_N0201_R005_T43RFM_20160129T054903.SAFE</PRODUCT_URI>
            <PROCESSING_LEVEL>Level-1C</PROCESSING_LEVEL>
            <PRODUCT_TYPE>S2MSI1C</PRODUCT_TYPE>
            <PROCESSING_BASELINE>02.01</PROCESSING_BASELINE>
            <GENERATION_TIME>2016-01-29T05:49:03.000000Z</GENERATION_TIME>
            <PREVIEW_IMAGE_URL>Not applicable</PREVIEW_IMAGE_URL>
            <PREVIEW_GEO_INFO>Not applicable</PREVIEW_GEO_INFO>
            <Datatake datatakeIdentifier="GS2A_20160129T054102_003148_N02.01">
      <SPACECRAFT_NAME>Sentinel-2A</SPACECRAFT_NAME>
      <DATATAKE_TYPE>INS-NOBS</DATATAKE_TYPE>
      <DATATAKE_SENSING_START>2016-01-29T05:41:02.030Z</DATATAKE_SENSING_START>
      <SENSING_ORBIT_NUMBER>5</SENSING_ORBIT_NUMBER>
      <SENSING_ORBIT_DIRECTION>DESCENDING</SENSING_ORBIT_DIRECTION>
    </Datatake>
<Query_Options completeSingleTile="true">
<PRODUCT_FORMAT>SAFE_COMPACT</PRODUCT_FORMAT>
</Query_Options>

<Product_Organisation>
    <Granule_List>
        <Granule datastripIdentifier="S2A_OPER_MSI_L1C_DS_MTI__20160129T092949_S20160129T054903_N02.01" granuleIdentifier="S2A_OPER_MSI_L1C_TL_MTI__20160129T092949_A003148_T43RFM_N02.01" imageFormat="JPEG2000">
            <IMAGE_FILE>GRANULE/L1C_T43RFM_A003148_20160129T054903/IMG_DATA/T43RFM_20160129T054102_B01</IMAGE_FILE>
            <IMAGE_FILE>GRANULE/L1C_T43RFM_A003148_20160129T054903/IMG_DATA/T43RFM_20160129T054102_B02</IMAGE_FILE>
            <IMAGE_FILE>GRANULE/L1C_T43RFM_A003148_20160129T054903/IMG_DATA/T43RFM_20160129T054102_B03</IMAGE_FILE>
            <IMAGE_FILE>GRANULE/L1C_T43RFM_A003148_20160129T054903/IMG_DATA/T43RFM_20160129T054102_B04</IMAGE_FILE>
            <IMAGE_FILE>GRANULE/L1C_T43RFM_A003148_20160129T054903/IMG_DATA/T43RFM_20160129T054102_B05</IMAGE_FILE>
            <IMAGE_FILE>GRANULE/L1C_T43RFM_A003148_20160129T054903/IMG_DATA/T43RFM_20160129T054102_B06</IMAGE_FILE>
            <IMAGE_FILE>GRANULE/L1C_T43RFM_A003148_20160129T054903/IMG_DATA/T43RFM_20160129T054102_B07</IMAGE_FILE>
            <IMAGE_FILE>GRANULE/L1C_T43RFM_A003148_20160129T054903/IMG_DATA/T43RFM_20160129T054102_B08</IMAGE_FILE>
            <IMAGE_FILE>GRANULE/L1C_T43RFM_A003148_20160129T054903/IMG_DATA/T43RFM_20160129T054102_B8A</IMAGE_FILE>
            <IMAGE_FILE>GRANULE/L1C_T43RFM_A003148_20160129T054903/IMG_DATA/T43RFM_20160129T054102_B09</IMAGE_FILE>
            <IMAGE_FILE>GRANULE/L1C_T43RFM_A003148_20160129T054903/IMG_DATA/T43RFM_20160129T054102_B10</IMAGE_FILE>
            <IMAGE_FILE>GRANULE/L1C_T43RFM_A003148_20160129T054903/IMG_DATA/T43RFM_20160129T054102_B11</IMAGE_FILE>
            <IMAGE_FILE>GRANULE/L1C_T43RFM_A003148_20160129T054903/IMG_DATA/T43RFM_20160129T054102_B12</IMAGE_FILE>
            <IMAGE_FILE>GRANULE/L1C_T43RFM_A003148_20160129T054903/IMG_DATA/T43RFM_20160129T054102_TCI</IMAGE_FILE>
        </Granule>
    </Granule_List>
</Product_Organisation>
</Product_Info>
        <Product_Image_Characteristics>
            <Special_Values>
                <SPECIAL_VALUE_TEXT>NODATA</SPECIAL_VALUE_TEXT>
                <SPECIAL_VALUE_INDEX>0</SPECIAL_VALUE_INDEX>
            </Special_Values>
            <Special_Values>
                <SPECIAL_VALUE_TEXT>SATURATED</SPECIAL_VALUE_TEXT>
                <SPECIAL_VALUE_INDEX>65535</SPECIAL_VALUE_INDEX>
            </Special_Values>
            <Image_Display_Order>
                <RED_CHANNEL>3</RED_CHANNEL>
                <GREEN_CHANNEL>2</GREEN_CHANNEL>
                <BLUE_CHANNEL>1</BLUE_CHANNEL>
            </Image_Display_Order>
            <QUANTIFICATION_VALUE unit="none">10000</QUANTIFICATION_VALUE>
            <Reflectance_Conversion>
        <U>1.03186893688757</U>
        <Solar_Irradiance_List>
          <SOLAR_IRRADIANCE bandId="0" unit="W/m²/µm">1913.57</SOLAR_IRRADIANCE>
          <SOLAR_IRRADIANCE bandId="1" unit="W/m²/µm">1941.63</SOLAR_IRRADIANCE>
          <SOLAR_IRRADIANCE bandId="2" unit="W/m²/µm">1822.61</SOLAR_IRRADIANCE>
          <SOLAR_IRRADIANCE bandId="3" unit="W/m²/µm">1512.79</SOLAR_IRRADIANCE>
          <SOLAR_IRRADIANCE bandId="4" unit="W/m²/µm">1425.56</SOLAR_IRRADIANCE>
          <SOLAR_IRRADIANCE bandId="5" unit="W/m²/µm">1288.32</SOLAR_IRRADIANCE>
          <SOLAR_IRRADIANCE bandId="6" unit="W/m²/µm">1163.19</SOLAR_IRRADIANCE>
          <SOLAR_IRRADIANCE bandId="7" unit="W/m²/µm">1036.39</SOLAR_IRRADIANCE>
          <SOLAR_IRRADIANCE bandId="8" unit="W/m²/µm">955.19</SOLAR_IRRADIANCE>
          <SOLAR_IRRADIANCE bandId="9" unit="W/m²/µm">813.04</SOLAR_IRRADIANCE>
          <SOLAR_IRRADIANCE bandId="10" unit="W/m²/µm">367.15</SOLAR_IRRADIANCE>
          <SOLAR_IRRADIANCE bandId="11" unit="W/m²/µm">245.59</SOLAR_IRRADIANCE>
          <SOLAR_IRRADIANCE bandId="12" unit="W/m²/µm">85.25</SOLAR_IRRADIANCE>
        </Solar_Irradiance_List>
      </Reflectance_Conversion>
            <PHYSICAL_GAINS bandId="0">4.07121850944157</PHYSICAL_GAINS>
            <PHYSICAL_GAINS bandId="1">3.8085673136927</PHYSICAL_GAINS>
            <PHYSICAL_GAINS bandId="2">4.20065109061216</PHYSICAL_GAINS>
            <PHYSICAL_GAINS bandId="3">4.52847220487563</PHYSICAL_GAINS>
            <PHYSICAL_GAINS bandId="4">5.21875332416234</PHYSICAL_GAINS>
            <PHYSICAL_GAINS bandId="5">4.88813435295766</PHYSICAL_GAINS>
            <PHYSICAL_GAINS bandId="6">4.55459393840578</PHYSICAL_GAINS>
            <PHYSICAL_GAINS bandId="7">6.22024341584761</PHYSICAL_GAINS>
            <PHYSICAL_GAINS bandId="8">5.15718694905427</PHYSICAL_GAINS>
            <PHYSICAL_GAINS bandId="9">8.56848785855887</PHYSICAL_GAINS>
            <PHYSICAL_GAINS bandId="10">54.7171780279962</PHYSICAL_GAINS>
            <PHYSICAL_GAINS bandId="11">35.0681255349567</PHYSICAL_GAINS>
            <PHYSICAL_GAINS bandId="12">105.795138729754</PHYSICAL_GAINS>
            <REFERENCE_BAND>0</REFERENCE_BAND>
        </Product_Image_Characteristics>
    </n1:General_Info>
    <n1:Geometric_Info>
        <Product_Footprint>
            <Product_Footprint>
                <Global_Footprint>
                    <EXT_POS_LIST>28.92437411 76.02591948 27.93339717 76.01640656 27.92064394 77.13195565 28.91108557 77.15189497 28.92437411 76.02591948 28.92437411 76.02591948 </EXT_POS_LIST>
                </Global_Footprint>
            </Product_Footprint>
            <RASTER_CS_TYPE>POINT</RASTER_CS_TYPE>
            <PIXEL_ORIGIN>1</PIXEL_ORIGIN>
        </Product_Footprint>
        <Coordinate_Reference_System>
            <GEO_TABLES version="1">EPSG</GEO_TABLES>
            <HORIZONTAL_CS_TYPE>GEOGRAPHIC</HORIZONTAL_CS_TYPE>
        </Coordinate_Reference_System>
    </n1:Geometric_Info>
    <n1:Auxiliary_Data_Info>
        <GIPP_List>
      <GIPP_FILENAME type="GIP_BLINDP" version="0003">S2A_OPER_GIP_BLINDP_MPC__20150605T094736_V20150622T000000_21000101T000000_B00</GIPP_FILENAME>
      <GIPP_FILENAME type="GIP_CLOINV" version="0004">S2A_OPER_GIP_CLOINV_MPC__20151021T225159_V20150701T225159_21000101T000000_B00</GIPP_FILENAME>
      <GIPP_FILENAME type="GIP_CONVER" version="999">S2A_OPER_GIP_CONVER_MPC__20150710T131444_V20150627T000000_21000101T000000_B00</GIPP_FILENAME>
      <GIPP_FILENAME type="GIP_DATATI" version="0007">S2A_OPER_GIP_DATATI_MPC__20151117T131048_V20150703T000000_21000101T000000_B00</GIPP_FILENAME>
      <GIPP_FILENAME type="GIP_DECOMP" version="0000">S2A_OPER_GIP_DECOMP_MPC__20121031T075922_V19830101T000000_21000101T000000_B00</GIPP_FILENAME>
      <GIPP_FILENAME type="GIP_EARMOD" version="0001">S2__OPER_GIP_EARMOD_MPC__20150605T094736_V20150622T000000_21000101T000000_B00</GIPP_FILENAME>
      <GIPP_FILENAME type="GIP_ECMWFP" version="0002">S2A_OPER_GIP_ECMWFP_MPC__20121031T075922_V19830101T000000_21000101T000000_B00</GIPP_FILENAME>
      <GIPP_FILENAME type="GIP_G2PARA" version="0001">S2A_OPER_GIP_G2PARA_MPC__20150605T094736_V20150622T000000_21000101T000000_B00</GIPP_FILENAME>
      <GIPP_FILENAME type="GIP_G2PARE" version="0002">S2A_OPER_GIP_G2PARE_MPC__20150605T094736_V20150622T000000_21000101T000000_B00</GIPP_FILENAME>
      <GIPP_FILENAME type="GIP_GEOPAR" version="0003">S2A_OPER_GIP_GEOPAR_MPC__20150605T094741_V20150622T000000_21000101T000000_B00</GIPP_FILENAME>
      <GIPP_FILENAME type="GIP_INTDET" version="0003">S2A_OPER_GIP_INTDET_MPC__20150731T092205_V20150703T000000_21000101T000000_B00</GIPP_FILENAME>
      <GIPP_FILENAME type="GIP_JP2KPA" version="0004">S2A_OPER_GIP_JP2KPA_MPC__20151126T214920_V20150701T214920_21000101T000000_B00</GIPP_FILENAME>
      <GIPP_FILENAME type="GIP_MASPAR" version="0004">S2A_OPER_GIP_MASPAR_MPC__20151023T223504_V20150622T223504_21000101T000000_B00</GIPP_FILENAME>
      <GIPP_FILENAME type="GIP_OLQCPA" version="0000">S2A_OPER_GIP_OLQCPA_MPC__20151127T150000_V20000506T000000_21000101T000000_B00</GIPP_FILENAME>
      <GIPP_FILENAME type="GIP_PRDLOC" version="0008">S2A_OPER_GIP_PRDLOC_MPC__20151125T152205_V20150703T000000_21000101T000000_B00</GIPP_FILENAME>
      <GIPP_FILENAME type="GIP_PROBAS" version="999">S2__OPER_GIP_PROBAS_MPC__20160121T111510_V20151215T111510_20200101T000000_B00</GIPP_FILENAME>
      <GIPP_FILENAME type="GIP_R2ABCA" version="0084">S2A_OPER_GIP_R2ABCA_MPC__20160118T123902_V20160109T000000_21000101T000000_B00</GIPP_FILENAME>
      <GIPP_FILENAME type="GIP_R2BINN" version="0003">S2A_OPER_GIP_R2BINN_MPC__20150605T094803_V20150622T000000_21000101T000000_B00</GIPP_FILENAME>
      <GIPP_FILENAME type="GIP_R2CRCO" version="0003">S2A_OPER_GIP_R2CRCO_MPC__20151023T224715_V20150622T224715_21000101T000000_B00</GIPP_FILENAME>
      <GIPP_FILENAME type="GIP_R2DECT" version="0003">S2A_OPER_GIP_R2DECT_MPC__20150605T094741_V20150622T000000_21000101T000000_B01</GIPP_FILENAME>
      <GIPP_FILENAME type="GIP_R2DECT" version="0003">S2A_OPER_GIP_R2DECT_MPC__20150605T094741_V20150622T000000_21000101T000000_B02</GIPP_FILENAME>
      <GIPP_FILENAME type="GIP_R2DECT" version="0003">S2A_OPER_GIP_R2DECT_MPC__20150605T094741_V20150622T000000_21000101T000000_B03</GIPP_FILENAME>
      <GIPP_FILENAME type="GIP_R2DECT" version="0003">S2A_OPER_GIP_R2DECT_MPC__20150605T094741_V20150622T000000_21000101T000000_B04</GIPP_FILENAME>
      <GIPP_FILENAME type="GIP_R2DECT" version="0003">S2A_OPER_GIP_R2DECT_MPC__20150605T094741_V20150622T000000_21000101T000000_B05</GIPP_FILENAME>
      <GIPP_FILENAME type="GIP_R2DECT" version="0003">S2A_OPER_GIP_R2DECT_MPC__20150605T094741_V20150622T000000_21000101T000000_B06</GIPP_FILENAME>
      <GIPP_FILENAME type="GIP_R2DECT" version="0003">S2A_OPER_GIP_R2DECT_MPC__20150605T094741_V20150622T000000_21000101T000000_B07</GIPP_FILENAME>
      <GIPP_FILENAME type="GIP_R2DECT" version="0003">S2A_OPER_GIP_R2DECT_MPC__20150605T094741_V20150622T000000_21000101T000000_B08</GIPP_FILENAME>
      <GIPP_FILENAME type="GIP_R2DECT" version="0003">S2A_OPER_GIP_R2DECT_MPC__20150605T094741_V20150622T000000_21000101T000000_B8A</GIPP_FILENAME>
      <GIPP_FILENAME type="GIP_R2DECT" version="0003">S2A_OPER_GIP_R2DECT_MPC__20150605T094742_V20150622T000000_21000101T000000_B09</GIPP_FILENAME>
      <GIPP_FILENAME type="GIP_R2DECT" version="0003">S2A_OPER_GIP_R2DECT_MPC__20150605T094742_V20150622T000000_21000101T000000_B10</GIPP_FILENAME>
      <GIPP_FILENAME type="GIP_R2DECT" version="0003">S2A_OPER_GIP_R2DECT_MPC__20150605T094742_V20150622T000000_21000101T000000_B11</GIPP_FILENAME>
      <GIPP_FILENAME type="GIP_R2DECT" version="0003">S2A_OPER_GIP_R2DECT_MPC__20150605T094742_V20150622T000000_21000101T000000_B12</GIPP_FILENAME>
      <GIPP_FILENAME type="GIP_R2DEFI" version="0003">S2A_OPER_GIP_R2DEFI_MPC__20150605T094742_V20150622T000000_21000101T000000_B01</GIPP_FILENAME>
      <GIPP_FILENAME type="GIP_R2DEFI" version="0003">S2A_OPER_GIP_R2DEFI_MPC__20150605T094741_V20150622T000000_21000101T000000_B02</GIPP_FILENAME>
      <GIPP_FILENAME type="GIP_R2DEFI" version="0003">S2A_OPER_GIP_R2DEFI_MPC__20150605T094741_V20150622T000000_21000101T000000_B03</GIPP_FILENAME>
      <GIPP_FILENAME type="GIP_R2DEFI" version="0003">S2A_OPER_GIP_R2DEFI_MPC__20150605T094741_V20150622T000000_21000101T000000_B04</GIPP_FILENAME>
      <GIPP_FILENAME type="GIP_R2DEFI" version="0003">S2A_OPER_GIP_R2DEFI_MPC__20150605T094741_V20150622T000000_21000101T000000_B05</GIPP_FILENAME>
      <GIPP_FILENAME type="GIP_R2DEFI" version="0003">S2A_OPER_GIP_R2DEFI_MPC__20150605T094741_V20150622T000000_21000101T000000_B06</GIPP_FILENAME>
      <GIPP_FILENAME type="GIP_R2DEFI" version="0003">S2A_OPER_GIP_R2DEFI_MPC__20150605T094741_V20150622T000000_21000101T000000_B07</GIPP_FILENAME>
      <GIPP_FILENAME type="GIP_R2DEFI" version="0003">S2A_OPER_GIP_R2DEFI_MPC__20150605T094741_V20150622T000000_21000101T000000_B08</GIPP_FILENAME>
      <GIPP_FILENAME type="GIP_R2DEFI" version="0003">S2A_OPER_GIP_R2DEFI_MPC__20150605T094741_V20150622T000000_21000101T000000_B8A</GIPP_FILENAME>
      <GIPP_FILENAME type="GIP_R2DEFI" version="0003">S2A_OPER_GIP_R2DEFI_MPC__20150605T094741_V20150622T000000_21000101T000000_B09</GIPP_FILENAME>
      <GIPP_FILENAME type="GIP_R2DEFI" version="0003">S2A_OPER_GIP_R2DEFI_MPC__20150605T094741_V20150622T000000_21000101T000000_B10</GIPP_FILENAME>
      <GIPP_FILENAME type="GIP_R2DEFI" version="0003">S2A_OPER_GIP_R2DEFI_MPC__20150605T094741_V20150622T000000_21000101T000000_B11</GIPP_FILENAME>
      <GIPP_FILENAME type="GIP_R2DEFI" version="0003">S2A_OPER_GIP_R2DEFI_MPC__20150605T094741_V20150622T000000_21000101T000000_B12</GIPP_FILENAME>
      <GIPP_FILENAME type="GIP_R2DENT" version="0003">S2A_OPER_GIP_R2DENT_MPC__20150605T094741_V20150622T000000_21000101T000000_B01</GIPP_FILENAME>
      <GIPP_FILENAME type="GIP_R2DENT" version="0003">S2A_OPER_GIP_R2DENT_MPC__20150605T094742_V20150622T000000_21000101T000000_B02</GIPP_FILENAME>
      <GIPP_FILENAME type="GIP_R2DENT" version="0003">S2A_OPER_GIP_R2DENT_MPC__20150605T094742_V20150622T000000_21000101T000000_B03</GIPP_FILENAME>
      <GIPP_FILENAME type="GIP_R2DENT" version="0003">S2A_OPER_GIP_R2DENT_MPC__20150605T094742_V20150622T000000_21000101T000000_B04</GIPP_FILENAME>
      <GIPP_FILENAME type="GIP_R2DENT" version="0003">S2A_OPER_GIP_R2DENT_MPC__20150605T094742_V20150622T000000_21000101T000000_B05</GIPP_FILENAME>
      <GIPP_FILENAME type="GIP_R2DENT" version="0003">S2A_OPER_GIP_R2DENT_MPC__20150605T094742_V20150622T000000_21000101T000000_B06</GIPP_FILENAME>
      <GIPP_FILENAME type="GIP_R2DENT" version="0003">S2A_OPER_GIP_R2DENT_MPC__20150605T094742_V20150622T000000_21000101T000000_B07</GIPP_FILENAME>
      <GIPP_FILENAME type="GIP_R2DENT" version="0003">S2A_OPER_GIP_R2DENT_MPC__20150605T094742_V20150622T000000_21000101T000000_B08</GIPP_FILENAME>
      <GIPP_FILENAME type="GIP_R2DENT" version="0003">S2A_OPER_GIP_R2DENT_MPC__20150605T094742_V20150622T000000_21000101T000000_B8A</GIPP_FILENAME>
      <GIPP_FILENAME type="GIP_R2DENT" version="0003">S2A_OPER_GIP_R2DENT_MPC__20150605T094742_V20150622T000000_21000101T000000_B09</GIPP_FILENAME>
      <GIPP_FILENAME type="GIP_R2DENT" version="0003">S2A_OPER_GIP_R2DENT_MPC__20150605T094742_V20150622T000000_21000101T000000_B10</GIPP_FILENAME>
      <GIPP_FILENAME type="GIP_R2DENT" version="0003">S2A_OPER_GIP_R2DENT_MPC__20150605T094742_V20150622T000000_21000101T000000_B11</GIPP_FILENAME>
      <GIPP_FILENAME type="GIP_R2DENT" version="0003">S2A_OPER_GIP_R2DENT_MPC__20150605T094742_V20150622T000000_21000101T000000_B12</GIPP_FILENAME>
      <GIPP_FILENAME type="GIP_R2DEPI" version="0012">S2A_OPER_GIP_R2DEPI_MPC__20151209T095108_V20150622T000000_21000101T000000_B00</GIPP_FILENAME>
      <GIPP_FILENAME type="GIP_R2EOB2" version="0009">S2A_OPER_GIP_R2EOB2_MPC__20150827T165847_V20150819T000000_99999999T999999_B01</GIPP_FILENAME>
      <GIPP_FILENAME type="GIP_R2EOB2" version="0009">S2A_OPER_GIP_R2EOB2_MPC__20150827T165847_V20150819T000000_99999999T999999_B02</GIPP_FILENAME>
      <GIPP_FILENAME type="GIP_R2EOB2" version="0009">S2A_OPER_GIP_R2EOB2_MPC__20150827T165847_V20150819T000000_99999999T999999_B03</GIPP_FILENAME>
      <GIPP_FILENAME type="GIP_R2EOB2" version="0009">S2A_OPER_GIP_R2EOB2_MPC__20150827T165847_V20150819T000000_99999999T999999_B04</GIPP_FILENAME>
      <GIPP_FILENAME type="GIP_R2EOB2" version="0009">S2A_OPER_GIP_R2EOB2_MPC__20150827T165847_V20150819T000000_99999999T999999_B05</GIPP_FILENAME>
      <GIPP_FILENAME type="GIP_R2EOB2" version="0009">S2A_OPER_GIP_R2EOB2_MPC__20150827T165847_V20150819T000000_99999999T999999_B06</GIPP_FILENAME>
      <GIPP_FILENAME type="GIP_R2EOB2" version="0009">S2A_OPER_GIP_R2EOB2_MPC__20150827T165847_V20150819T000000_99999999T999999_B07</GIPP_FILENAME>
      <GIPP_FILENAME type="GIP_R2EOB2" version="0009">S2A_OPER_GIP_R2EOB2_MPC__20150827T165847_V20150819T000000_99999999T999999_B08</GIPP_FILENAME>
      <GIPP_FILENAME type="GIP_R2EOB2" version="0009">S2A_OPER_GIP_R2EOB2_MPC__20150827T165847_V20150819T000000_99999999T999999_B8A</GIPP_FILENAME>
      <GIPP_FILENAME type="GIP_R2EOB2" version="0009">S2A_OPER_GIP_R2EOB2_MPC__20150827T165847_V20150819T000000_99999999T999999_B09</GIPP_FILENAME>
      <GIPP_FILENAME type="GIP_R2EOB2" version="0009">S2A_OPER_GIP_R2EOB2_MPC__20150827T165847_V20150819T000000_99999999T999999_B10</GIPP_FILENAME>
      <GIPP_FILENAME type="GIP_R2EOB2" version="0009">S2A_OPER_GIP_R2EOB2_MPC__20150827T165847_V20150819T000000_99999999T999999_B11</GIPP_FILENAME>
      <GIPP_FILENAME type="GIP_R2EOB2" version="0009">S2A_OPER_GIP_R2EOB2_MPC__20150827T165847_V20150819T000000_99999999T999999_B12</GIPP_FILENAME>
      <GIPP_FILENAME type="GIP_R2EQOG" version="0049">S2A_OPER_GIP_R2EQOG_MPC__20160118T123902_V20160109T000000_21000101T000000_B01</GIPP_FILENAME>
      <GIPP_FILENAME type="GIP_R2EQOG" version="0049">S2A_OPER_GIP_R2EQOG_MPC__20160118T123902_V20160109T000000_21000101T000000_B02</GIPP_FILENAME>
      <GIPP_FILENAME type="GIP_R2EQOG" version="0049">S2A_OPER_GIP_R2EQOG_MPC__20160118T123903_V20160109T000000_21000101T000000_B03</GIPP_FILENAME>
      <GIPP_FILENAME type="GIP_R2EQOG" version="0049">S2A_OPER_GIP_R2EQOG_MPC__20160118T123904_V20160109T000000_21000101T000000_B04</GIPP_FILENAME>
      <GIPP_FILENAME type="GIP_R2EQOG" version="0049">S2A_OPER_GIP_R2EQOG_MPC__20160118T123905_V20160109T000000_21000101T000000_B05</GIPP_FILENAME>
      <GIPP_FILENAME type="GIP_R2EQOG" version="0049">S2A_OPER_GIP_R2EQOG_MPC__20160118T123905_V20160109T000000_21000101T000000_B06</GIPP_FILENAME>
      <GIPP_FILENAME type="GIP_R2EQOG" version="0049">S2A_OPER_GIP_R2EQOG_MPC__20160118T123906_V20160109T000000_21000101T000000_B07</GIPP_FILENAME>
      <GIPP_FILENAME type="GIP_R2EQOG" version="0049">S2A_OPER_GIP_R2EQOG_MPC__20160118T123906_V20160109T000000_21000101T000000_B08</GIPP_FILENAME>
      <GIPP_FILENAME type="GIP_R2EQOG" version="0049">S2A_OPER_GIP_R2EQOG_MPC__20160118T123907_V20160109T000000_21000101T000000_B8A</GIPP_FILENAME>
      <GIPP_FILENAME type="GIP_R2EQOG" version="0049">S2A_OPER_GIP_R2EQOG_MPC__20160118T123907_V20160109T000000_21000101T000000_B09</GIPP_FILENAME>
      <GIPP_FILENAME type="GIP_R2EQOG" version="0049">S2A_OPER_GIP_R2EQOG_MPC__20160118T123908_V20160109T000000_21000101T000000_B10</GIPP_FILENAME>
      <GIPP_FILENAME type="GIP_R2EQOG" version="0049">S2A_OPER_GIP_R2EQOG_MPC__20160118T123908_V20160109T000000_21000101T000000_B11</GIPP_FILENAME>
      <GIPP_FILENAME type="GIP_R2EQOG" version="0049">S2A_OPER_GIP_R2EQOG_MPC__20160118T123908_V20160109T000000_21000101T000000_B12</GIPP_FILENAME>
      <GIPP_FILENAME type="GIP_R2L2NC" version="0003">S2A_OPER_GIP_R2L2NC_MPC__20150605T094742_V20150622T000000_21000101T000000_B01</GIPP_FILENAME>
      <GIPP_FILENAME type="GIP_R2L2NC" version="0003">S2A_OPER_GIP_R2L2NC_MPC__20150605T094742_V20150622T000000_21000101T000000_B02</GIPP_FILENAME>
      <GIPP_FILENAME type="GIP_R2L2NC" version="0003">S2A_OPER_GIP_R2L2NC_MPC__20150605T094741_V20150622T000000_21000101T000000_B03</GIPP_FILENAME>
      <GIPP_FILENAME type="GIP_R2L2NC" version="0003">S2A_OPER_GIP_R2L2NC_MPC__20150605T094742_V20150622T000000_21000101T000000_B04</GIPP_FILENAME>
      <GIPP_FILENAME type="GIP_R2L2NC" version="0003">S2A_OPER_GIP_R2L2NC_MPC__20150605T094742_V20150622T000000_21000101T000000_B05</GIPP_FILENAME>
      <GIPP_FILENAME type="GIP_R2L2NC" version="0003">S2A_OPER_GIP_R2L2NC_MPC__20150605T094742_V20150622T000000_21000101T000000_B06</GIPP_FILENAME>
      <GIPP_FILENAME type="GIP_R2L2NC" version="0003">S2A_OPER_GIP_R2L2NC_MPC__20150605T094742_V20150622T000000_21000101T000000_B07</GIPP_FILENAME>
      <GIPP_FILENAME type="GIP_R2L2NC" version="0003">S2A_OPER_GIP_R2L2NC_MPC__20150605T094742_V20150622T000000_21000101T000000_B08</GIPP_FILENAME>
      <GIPP_FILENAME type="GIP_R2L2NC" version="0003">S2A_OPER_GIP_R2L2NC_MPC__20150605T094742_V20150622T000000_21000101T000000_B8A</GIPP_FILENAME>
      <GIPP_FILENAME type="GIP_R2L2NC" version="0003">S2A_OPER_GIP_R2L2NC_MPC__20150605T094742_V20150622T000000_21000101T000000_B09</GIPP_FILENAME>
      <GIPP_FILENAME type="GIP_R2L2NC" version="0003">S2A_OPER_GIP_R2L2NC_MPC__20150605T094742_V20150622T000000_21000101T000000_B10</GIPP_FILENAME>
      <GIPP_FILENAME type="GIP_R2L2NC" version="0003">S2A_OPER_GIP_R2L2NC_MPC__20150605T094742_V20150622T000000_21000101T000000_B11</GIPP_FILENAME>
      <GIPP_FILENAME type="GIP_R2L2NC" version="0003">S2A_OPER_GIP_R2L2NC_MPC__20150605T094742_V20150622T000000_21000101T000000_B12</GIPP_FILENAME>
      <GIPP_FILENAME type="GIP_R2NOMO" version="0004">S2A_OPER_GIP_R2NOMO_MPC__20150605T094803_V20150622T000000_21000101T000000_B00</GIPP_FILENAME>
      <GIPP_FILENAME type="GIP_R2PARA" version="0003">S2A_OPER_GIP_R2PARA_MPC__20151023T224307_V20150622T224307_21000101T000000_B00</GIPP_FILENAME>
      <GIPP_FILENAME type="GIP_R2SWIR" version="0014">S2A_OPER_GIP_R2SWIR_MPC__20160118T123902_V20151125T000000_21000101T000000_B00</GIPP_FILENAME>
      <GIPP_FILENAME type="GIP_R2WAFI" version="0003">S2A_OPER_GIP_R2WAFI_MPC__20150605T094742_V20150622T000000_21000101T000000_B01</GIPP_FILENAME>
      <GIPP_FILENAME type="GIP_R2WAFI" version="0003">S2A_OPER_GIP_R2WAFI_MPC__20150605T094742_V20150622T000000_21000101T000000_B02</GIPP_FILENAME>
      <GIPP_FILENAME type="GIP_R2WAFI" version="0003">S2A_OPER_GIP_R2WAFI_MPC__20150605T094742_V20150622T000000_21000101T000000_B03</GIPP_FILENAME>
      <GIPP_FILENAME type="GIP_R2WAFI" version="0003">S2A_OPER_GIP_R2WAFI_MPC__20150605T094742_V20150622T000000_21000101T000000_B04</GIPP_FILENAME>
      <GIPP_FILENAME type="GIP_R2WAFI" version="0003">S2A_OPER_GIP_R2WAFI_MPC__20150605T094742_V20150622T000000_21000101T000000_B05</GIPP_FILENAME>
      <GIPP_FILENAME type="GIP_R2WAFI" version="0003">S2A_OPER_GIP_R2WAFI_MPC__20150605T094742_V20150622T000000_21000101T000000_B06</GIPP_FILENAME>
      <GIPP_FILENAME type="GIP_R2WAFI" version="0003">S2A_OPER_GIP_R2WAFI_MPC__20150605T094742_V20150622T000000_21000101T000000_B07</GIPP_FILENAME>
      <GIPP_FILENAME type="GIP_R2WAFI" version="0003">S2A_OPER_GIP_R2WAFI_MPC__20150605T094742_V20150622T000000_21000101T000000_B08</GIPP_FILENAME>
      <GIPP_FILENAME type="GIP_R2WAFI" version="0003">S2A_OPER_GIP_R2WAFI_MPC__20150605T094742_V20150622T000000_21000101T000000_B8A</GIPP_FILENAME>
      <GIPP_FILENAME type="GIP_R2WAFI" version="0003">S2A_OPER_GIP_R2WAFI_MPC__20150605T094742_V20150622T000000_21000101T000000_B09</GIPP_FILENAME>
      <GIPP_FILENAME type="GIP_R2WAFI" version="0003">S2A_OPER_GIP_R2WAFI_MPC__20150605T094742_V20150622T000000_21000101T000000_B10</GIPP_FILENAME>
      <GIPP_FILENAME type="GIP_R2WAFI" version="0003">S2A_OPER_GIP_R2WAFI_MPC__20150605T094742_V20150622T000000_21000101T000000_B11</GIPP_FILENAME>
      <GIPP_FILENAME type="GIP_R2WAFI" version="0003">S2A_OPER_GIP_R2WAFI_MPC__20150605T094742_V20150622T000000_21000101T000000_B12</GIPP_FILENAME>
      <GIPP_FILENAME type="GIP_RESPAR" version="0001">S2A_OPER_GIP_RESPAR_MPC__20150605T094736_V20150622T000000_21000101T000000_B00</GIPP_FILENAME>
      <GIPP_FILENAME type="GIP_SPAMOD" version="0011">S2A_OPER_GIP_SPAMOD_MPC__20151117T131048_V20150901T000000_21000101T000000_B00</GIPP_FILENAME>
      <GIPP_FILENAME type="GIP_TILPAR" version="0007">S2A_OPER_GIP_TILPAR_MPC__20151209T095117_V20150622T000000_21000101T000000_B00</GIPP_FILENAME>
      <GIPP_FILENAME type="GIP_VIEDIR" version="0005">S2A_OPER_GIP_VIEDIR_MPC__20151117T131048_V20150703T000000_21000101T000000_B01</GIPP_FILENAME>
      <GIPP_FILENAME type="GIP_VIEDIR" version="0005">S2A_OPER_GIP_VIEDIR_MPC__20151117T131049_V20150703T000000_21000101T000000_B02</GIPP_FILENAME>
      <GIPP_FILENAME type="GIP_VIEDIR" version="0005">S2A_OPER_GIP_VIEDIR_MPC__20151117T131049_V20150703T000000_21000101T000000_B03</GIPP_FILENAME>
      <GIPP_FILENAME type="GIP_VIEDIR" version="0005">S2A_OPER_GIP_VIEDIR_MPC__20151117T131049_V20150703T000000_21000101T000000_B04</GIPP_FILENAME>
      <GIPP_FILENAME type="GIP_VIEDIR" version="0005">S2A_OPER_GIP_VIEDIR_MPC__20151117T131050_V20150703T000000_21000101T000000_B05</GIPP_FILENAME>
      <GIPP_FILENAME type="GIP_VIEDIR" version="0005">S2A_OPER_GIP_VIEDIR_MPC__20151117T131050_V20150703T000000_21000101T000000_B06</GIPP_FILENAME>
      <GIPP_FILENAME type="GIP_VIEDIR" version="0005">S2A_OPER_GIP_VIEDIR_MPC__20151117T131050_V20150703T000000_21000101T000000_B07</GIPP_FILENAME>
      <GIPP_FILENAME type="GIP_VIEDIR" version="0005">S2A_OPER_GIP_VIEDIR_MPC__20151117T131050_V20150703T000000_21000101T000000_B08</GIPP_FILENAME>
      <GIPP_FILENAME type="GIP_VIEDIR" version="0005">S2A_OPER_GIP_VIEDIR_MPC__20151117T131050_V20150703T000000_21000101T000000_B8A</GIPP_FILENAME>
      <GIPP_FILENAME type="GIP_VIEDIR" version="0005">S2A_OPER_GIP_VIEDIR_MPC__20151117T131050_V20150703T000000_21000101T000000_B09</GIPP_FILENAME>
      <GIPP_FILENAME type="GIP_VIEDIR" version="0005">S2A_OPER_GIP_VIEDIR_MPC__20151117T131050_V20150703T000000_21000101T000000_B10</GIPP_FILENAME>
      <GIPP_FILENAME type="GIP_VIEDIR" version="0005">S2A_OPER_GIP_VIEDIR_MPC__20151117T131050_V20150703T000000_21000101T000000_B11</GIPP_FILENAME>
      <GIPP_FILENAME type="GIP_VIEDIR" version="0005">S2A_OPER_GIP_VIEDIR_MPC__20151117T131051_V20150703T000000_21000101T000000_B12</GIPP_FILENAME>
    
</GIPP_List>
        <PRODUCTION_DEM_TYPE>S2__OPER_DEM_GLOBEF_PDMC_19800101T000000_S19800101T000000</PRODUCTION_DEM_TYPE>
        <IERS_BULLETIN_FILENAME>S2__OPER_AUX_UT1UTC_PDMC_20160128T000000_V20160129T000000_20170128T000000</IERS_BULLETIN_FILENAME>
        <GRI_FILENAME>S2A_OPER_AUX_GRI065_PDMC_20130621T120000_S20130101T000000</GRI_FILENAME>
        <ECMWF_DATA_REF>S2__OPER_AUX_ECMWFD_PDMC_20160128T120000_V20160129T030000_20160129T150000</ECMWF_DATA_REF>
    </n1:Auxiliary_Data_Info>
    <n1:Quality_Indicators_Info>
        <Cloud_Coverage_Assessment>0.0</Cloud_Coverage_Assessment>
        <Technical_Quality_Assessment>
            <DEGRADED_ANC_DATA_PERCENTAGE>0</DEGRADED_ANC_DATA_PERCENTAGE>
            <DEGRADED_MSI_DATA_PERCENTAGE>0</DEGRADED_MSI_DATA_PERCENTAGE>
        </Technical_Quality_Assessment>
        <Quality_Control_Checks>
            <Quality_Inspections>
                <FORMAT_CORRECTNESS_FLAG>PASSED</FORMAT_CORRECTNESS_FLAG>
                <GENERAL_QUALITY_FLAG>PASSED</GENERAL_QUALITY_FLAG>
                <GEOMETRIC_QUALITY_FLAG>PASSED</GEOMETRIC_QUALITY_FLAG>
                <RADIOMETRIC_QUALITY_FLAG>PASSED</RADIOMETRIC_QUALITY_FLAG>
                <SENSOR_QUALITY_FLAG>PASSED</SENSOR_QUALITY_FLAG>
            </Quality_Inspections>
            <Failed_Inspections/>
        </Quality_Control_Checks>
    </n1:Quality_Indicators_Info>
</n1:Level-1C_User_Product>
